cell_type,count,percentage
plasma cell,59134,6.4578694294678645
unknown,55325,6.0418985048417095
classical monocyte,51140,5.584865603933213
"CD16-positive, CD56-dim natural killer cell, human",48035,5.245776677452716
"naive thymus-derived CD4-positive, alpha-beta T cell",37007,4.04143764968237
CD14-positive monocyte,34424,3.7593549775087394
erythrocyte,32088,3.504246529116327
erythroid progenitor cell,29549,3.2269689818267993
"effector memory CD8-positive, alpha-beta T cell",26912,2.9389891109317685
granulocyte monocyte progenitor cell,23271,2.54136502677219
hematopoietic multipotent progenitor cell,20215,2.207627262094445
naive B cell,19411,2.1198245255758232
"central memory CD4-positive, alpha-beta T cell",19025,2.0776704754561863
"effector memory CD8-positive, alpha-beta T cell, terminally differentiated",18670,2.038901854232168
precursor B cell,18318,2.000460855159339
neutrophil,18126,1.9794930374832505
progenitor cell,17967,1.9621290634702395
promonocyte,16531,1.8053072604344924
hematopoietic cell,15347,1.676005718098612
hematopoietic stem cell,14640,1.5987960978017646
"effector memory CD4-positive, alpha-beta T cell",13982,1.5269376393076688
"naive thymus-derived CD8-positive, alpha-beta T cell",13361,1.4591198540115695
common myeloid progenitor,12933,1.4123790937752883
mesenchymal cell,11468,1.2523902766113821
natural killer cell,11262,1.2298935555630786
non-classical monocyte,11120,1.2143861070734714
pro-B cell,11076,1.2095809821893677
"plasmacytoid dendritic cell, human",10124,1.1056155528787612
primitive red blood cell,9596,1.0479540542695172
"CD4-positive, alpha-beta memory T cell",9080,0.9916030442650289
myelocyte,8715,0.9517423492037145
conventional dendritic cell,8249,0.9008517083857073
"CD8-positive, alpha-beta memory T cell",6975,0.7617215015141603
"central memory CD8-positive, alpha-beta T cell",6828,0.7456680161059049
memory B cell,6805,0.7431562462801234
mature B cell,6761,0.7383511213960198
megakaryocyte-erythroid progenitor cell,6742,0.7362761811051568
hematopoietic oligopotent progenitor cell,6718,0.7336552038956458
"CD16-negative, CD56-bright natural killer cell, human",6626,0.72360812459252
early promyelocyte,6522,0.7122505566846385
macrophage,6509,0.7108308606961534
"CD4-positive, alpha-beta T cell",6055,0.661250708482902
late pro-B cell,6027,0.6581929017384723
fraction A pre-pro B cell,5715,0.6241201980148282
basophilic erythroblast,5253,0.5736663867317398
gamma-delta T cell,5108,0.5578313160909436
polychromatophilic erythroblast,5061,0.5526985690556511
"CD14-positive, CD16-positive monocyte",4996,0.5456000891132251
immature B cell,4933,0.5387200239382585
"effector memory CD4-positive, alpha-beta T cell, terminally differentiated",4854,0.5300926406236178
lymphoid lineage restricted progenitor cell,4269,0.46620632114178506
erythroid lineage cell,4110,0.4488423471287741
unswitched memory B cell,4093,0.44698582160537037
"CD8-positive, alpha-beta T cell",3920,0.4280929442201446
endothelial cell,3882,0.4239430636384187
orthochromatic erythroblast,3734,0.40778037084643365
pre-conventional dendritic cell,3704,0.4045041493345448
megakaryocyte,3650,0.39860695061314483
dendritic cell,3627,0.39609518078736344
common lymphoid progenitor,3532,0.38572047933304865
large pre-B-II cell,3488,0.38091535444894503
immature innate lymphoid cell,3473,0.3792772436930006
megakaryocyte progenitor cell,3426,0.374144496657708
lymphocyte,3084,0.336795571422175
"CD8-positive, alpha-beta memory T cell, CD45RO-positive",2895,0.31615537589727516
"CD4-positive, CD25-positive, alpha-beta regulatory T cell",2615,0.28557730845297913
promyelocyte,2540,0.27738675467325696
basophil mast progenitor cell,2538,0.2771683399057977
monocyte,2536,0.27694992513833844
plasmacytoid dendritic cell,2296,0.25074015304322755
"CD4-positive, alpha-beta thymocyte",2275,0.24844679798490538
late promyelocyte,2077,0.22682373600643888
B cell,2020,0.22059891513385002
class switched memory B cell,1818,0.19853902362046502
small pre-B-II cell,1791,0.19559042425976503
hematopoietic precursor cell,1720,0.18783670001496142
early lymphoid progenitor,1671,0.1824855382122096
mucosal invariant T cell,1498,0.16359266082698384
common dendritic progenitor,1483,0.1619545500710394
T cell,1344,0.14677472373262102
osteoclast,1336,0.14590106466278396
plasmablast,1274,0.139130206871547
neutrophil progenitor cell,1172,0.12799105373112488
mast cell,1057,0.11543220460221756
professional antigen presenting cell,821,0.08965926204202518
"CD8-positive, alpha-beta thymocyte",806,0.08802115128608075
granulocyte,740,0.08081346395992525
preosteoblast,736,0.08037663442500674
myeloid lineage restricted progenitor cell,681,0.07437022831987716
"CD4-positive, alpha-beta cytotoxic T cell",598,0.06530601547031797
endothelial cell of sinusoid,592,0.06465077116794021
regulatory T cell,519,0.05667863215567731
eosinophil,406,0.04433819779422926
epithelial cell,377,0.04117118366607003
osteoblast,374,0.040843561514881145
endothelial tip cell,373,0.040734354131151514
adipocyte,353,0.03855020645655894
stromal cell,335,0.03658447354942562
alpha-beta T cell,301,0.03287142250261824
T follicular helper cell,267,0.02915837145581087
muscle precursor cell,254,0.027738675467325696
intermediate monocyte,224,0.024462453955436836
stromal cell of bone marrow,213,0.02326117273441092
precursor cell,191,0.020858610292359088
mesodermal cell,189,0.02064019552489983
basophil,177,0.019329706920144286
mature NK T cell,175,0.019111292152685026
CD4-positive helper T cell,167,0.018237633082847995
muscle cell,131,0.014306167268581365
group 3 innate lymphoid cell,123,0.013432508198744333
myeloid dendritic cell,108,0.011794397442799903
thymocyte,95,0.01037470145431473
fibroblast,94,0.0102654940705851
mature alpha-beta T cell,87,0.0095010423844777
chondrocyte,84,0.009173420233288813
myofibroblast cell,78,0.00851817593091104
proerythroblast,69,0.007535309477344382
endosteal cell,54,0.005897198721399951
mesenchymal stem cell,53,0.005787991337670322
immature alpha-beta T cell,49,0.005351161802751808
pre-natural killer cell,39,0.00425908796545552
macrophage dendritic cell progenitor,31,0.0033854288956184906
group 1 innate lymphoid cell,30,0.003276221511888862
germinal center B cell,29,0.003167014128159233
platelet,26,0.0028393919769703468
immature natural killer cell,26,0.0028393919769703468
erythroblast,25,0.0027301845932407184
cord blood hematopoietic stem cell,23,0.0025117698257814606
alveolar macrophage,19,0.0020749402908629457
Schwann cell,9,0.0009828664535666584
primordial germ cell,1,0.00010920738372962872
luminal adaptive secretory precursor cell of mammary gland,0,0.0
lamp5 GABAergic cortical interneuron,0,0.0
luminal hormone-sensing cell of mammary gland,0,0.0
kidney loop of Henle thin descending limb epithelial cell,0,0.0
natural T-regulatory cell,0,0.0
nasal mucosa goblet cell,0,0.0
kidney outer medulla collecting duct intercalated cell,0,0.0
kidney pelvis urothelial cell,0,0.0
naive regulatory T cell,0,0.0
kidney proximal convoluted tubule epithelial cell,0,0.0
luminal epithelial cell of mammary gland,0,0.0
kidney resident macrophage,0,0.0
lactocyte,0,0.0
naive T cell,0,0.0
myometrial cell,0,0.0
myoblast,0,0.0
large intestine goblet cell,0,0.0
lateral mesodermal cell,0,0.0
lens epithelial cell,0,0.0
lens fiber cell,0,0.0
kidney loop of Henle thin ascending limb epithelial cell,0,0.0
leptomeningeal cell,0,0.0
luminal endometrial multiciliated epithelial cell,0,0.0
myoepithelial cell of bronchus submucosal gland,0,0.0
luminal cell of prostate epithelium,0,0.0
leukocyte,0,0.0
liver dendritic cell,0,0.0
myoepithelial cell,0,0.0
myo-medullary thymic epithelial cell,0,0.0
medullary thymic epithelial cell type 3,0,0.0
near-projecting glutamatergic cortical neuron,0,0.0
myeloid leukocyte,0,0.0
neuronal-restricted precursor,0,0.0
neuron associated cell,0,0.0
neuron associated cell (sensu Vertebrata),0,0.0
neuron of the forebrain,0,0.0
neuronal receptor cell,0,0.0
kidney interstitial fibroblast,0,0.0
kidney interstitial cell,0,0.0
kidney interstitial alternatively activated macrophage,0,0.0
kidney inner medulla collecting duct epithelial cell,0,0.0
kidney loop of Henle thick ascending limb epithelial cell,0,0.0
kidney epithelial cell,0,0.0
kidney distal convoluted tubule epithelial cell,0,0.0
kidney cortex collecting duct epithelial cell,0,0.0
neuroplacodal cell,0,0.0
kidney connecting tubule principal cell,0,0.0
kidney connecting tubule epithelial cell,0,0.0
kidney collecting duct principal cell,0,0.0
neuron,0,0.0
neuroepithelial stem cell,0,0.0
kidney loop of Henle ascending limb epithelial cell,0,0.0
kidney loop of Henle cortical thick ascending limb epithelial cell,0,0.0
neoplastic cell,0,0.0
nephron tubule epithelial cell,0,0.0
neural cell,0,0.0
neural crest cell,0,0.0
kidney loop of Henle epithelial cell,0,0.0
neural crest derived neuron,0,0.0
neural progenitor cell,0,0.0
neural stem cell,0,0.0
neurectodermal cell,0,0.0
neuro-medullary thymic epithelial cell,0,0.0
neuroblast (sensu Nematoda and Protostomia),0,0.0
neuroblast (sensu Vertebrata),0,0.0
neuroendocrine cell,0,0.0
neuroendocrine cell of epithelium of lobar bronchus,0,0.0
kidney loop of Henle descending limb epithelial cell,0,0.0
lung endothelial cell,0,0.0
"myeloid dendritic cell, human",0,0.0
lung goblet cell,0,0.0
mature astrocyte,0,0.0
mesonephric nephron tubule epithelial cell,0,0.0
mesothelial cell,0,0.0
mature gamma-delta T cell,0,0.0
mesothelial cell of dura mater,0,0.0
mesothelial cell of epicardium,0,0.0
mesothelial cell of pleura,0,0.0
mesothelial fibroblast,0,0.0
metallothionein-positive alveolar macrophage,0,0.0
metamyelocyte,0,0.0
microcirculation associated smooth muscle cell,0,0.0
microfold cell of epithelium of small intestine,0,0.0
microglial cell,0,0.0
midbrain dopaminergic neuron,0,0.0
midget ganglion cell of retina,0,0.0
midzonal region hepatocyte,0,0.0
mature microglial cell,0,0.0
mesenchyme condensation cell,0,0.0
mesenchymal stem cell of adipose tissue,0,0.0
memory CCR4-positive regulatory T cell,0,0.0
medullary thymic epithelial cell type 1,0,0.0
medullary thymic epithelial cell,0,0.0
medium spiny neuron,0,0.0
melanocyte,0,0.0
melanocyte of skin,0,0.0
medial ganglionic eminence derived interneuron,0,0.0
memory T cell,0,0.0
mature neutrophil,0,0.0
memory regulatory T cell,0,0.0
medial ganglionic eminence derived GABAergic cortical interneuron,0,0.0
meningeal macrophage,0,0.0
mesangial cell,0,0.0
mechanoreceptor cell,0,0.0
mesenchymal lymphangioblast,0,0.0
mature conventional dendritic cell,0,0.0
mature T cell,0,0.0
lung interstitial macrophage,0,0.0
migratory enteric neural crest cell,0,0.0
muscle fibroblast,0,0.0
macroglial cell,0,0.0
myelinating Schwann cell,0,0.0
lymphocyte of B lineage,0,0.0
lung secretory cell,0,0.0
"lung resident memory CD8-positive, alpha-beta T cell",0,0.0
"lung resident memory CD4-positive, alpha-beta T cell",0,0.0
lung pericyte,0,0.0
lung perichondrial fibroblast,0,0.0
myeloid cell,0,0.0
lung multiciliated epithelial cell,0,0.0
lung microvascular endothelial cell,0,0.0
lung megakaryocyte,0,0.0
lung macrophage,0,0.0
medullary thymic epithelial cell type 2,0,0.0
mural cell,0,0.0
multiciliated epithelial cell of the bronchus,0,0.0
multiciliated epithelial cell,0,0.0
motor neuron,0,0.0
mammary gland epithelial cell,0,0.0
malignant cell,0,0.0
male germ cell,0,0.0
monocyte-derived dendritic cell,0,0.0
mononuclear leukocyte,0,0.0
mononuclear phagocyte,0,0.0
mucosa-associated lymphoid tissue macrophage,0,0.0
multiciliated columnar cell of tracheobronchial tree,0,0.0
macula densa epithelial cell,0,0.0
mucous cell of stomach,0,0.0
mucous neck cell of gastric gland,0,0.0
mucus secreting cell,0,0.0
mucus secreting cell of bronchus submucosal gland,0,0.0
mucus secreting cell of tracheobronchial tree submucosal gland,0,0.0
A2 amacrine cell,0,0.0
peptic cell,0,0.0
non-myelinating Schwann cell,0,0.0
non-pigmented ciliary epithelial cell,0,0.0
spermatogonium,0,0.0
spinal cord radial glial cell,0,0.0
spinous cell of epidermis,0,0.0
splanchnic mesodermal cell,0,0.0
squamous epithelial cell,0,0.0
sst GABAergic cortical interneuron,0,0.0
sst chodl GABAergic cortical interneuron,0,0.0
starburst amacrine cell,0,0.0
stellate neuron,0,0.0
stem cell,0,0.0
stem cell of epidermis,0,0.0
stratified epithelial cell,0,0.0
stratified squamous epithelial cell,0,0.0
striated cell of salivary gland,0,0.0
stromal cell of endometrium,0,0.0
stromal cell of lamina propria of small intestine,0,0.0
stromal cell of ovary,0,0.0
stromal cell of pancreas,0,0.0
subcutaneous adipocyte,0,0.0
supporting cell,0,0.0
supporting cell of vestibular epithelium,0,0.0
suprabasal keratinocyte,0,0.0
sympathetic neuron,0,0.0
spermatocyte,0,0.0
spermatid,0,0.0
somatic stem cell,0,0.0
skin fibroblast,0,0.0
serous cell of epithelium of bronchus,0,0.0
serous cell of epithelium of lobular bronchiole,0,0.0
serous cell of epithelium of trachea,0,0.0
serous secreting cell,0,0.0
serous secreting cell of bronchus submucosal gland,0,0.0
skeletal muscle fiber,0,0.0
skeletal muscle fibroblast,0,0.0
skeletal muscle myoblast,0,0.0
skeletal muscle satellite cell,0,0.0
skeletal muscle satellite stem cell,0,0.0
slow muscle cell,0,0.0
sncg GABAergic cortical interneuron,0,0.0
small intestine goblet cell,0,0.0
smooth muscle cell,0,0.0
smooth muscle cell of large intestine,0,0.0
smooth muscle cell of prostate,0,0.0
smooth muscle cell of small intestine,0,0.0
smooth muscle cell of sphincter of pupil,0,0.0
smooth muscle cell of the brain vasculature,0,0.0
smooth muscle cell of the pulmonary artery,0,0.0
smooth muscle fiber of ileum,0,0.0
smooth muscle myoblast,0,0.0
syncytiotrophoblast cell,0,0.0
taste receptor cell,0,0.0
tendon cell,0,0.0
urothelial cell,0,0.0
type I NK T cell,0,0.0
type I enteroendocrine cell,0,0.0
type I muscle cell,0,0.0
type II NK T cell,0,0.0
type II muscle cell,0,0.0
type L enteroendocrine cell,0,0.0
type N enteroendocrine cell,0,0.0
type X enteroendocrine cell,0,0.0
umbrella cell of urothelium,0,0.0
unipolar brush cell,0,0.0
uterine smooth muscle cell,0,0.0
type EC enteroendocrine cell,0,0.0
vasa recta ascending limb cell,0,0.0
vasa recta cell,0,0.0
vasa recta descending limb cell,0,0.0
vascular associated smooth muscle cell,0,0.0
vascular leptomeningeal cell,0,0.0
vascular lymphangioblast,0,0.0
vein endothelial cell,0,0.0
vein endothelial cell of respiratory system,0,0.0
ventricular cardiac muscle cell,0,0.0
vestibular dark cell,0,0.0
type G enteroendocrine cell,0,0.0
type D enteroendocrine cell,0,0.0
thalamic excitatory neuron,0,0.0
tracheobronchial goblet cell,0,0.0
theca cell,0,0.0
thymic fibroblast type 1,0,0.0
thymic fibroblast type 2,0,0.0
thyroid follicular cell,0,0.0
tip cell,0,0.0
tissue-resident macrophage,0,0.0
tongue muscle cell,0,0.0
tonsil germinal center B cell,0,0.0
trabecular meshwork cell,0,0.0
tracheal goblet cell,0,0.0
tracheobronchial serous cell,0,0.0
type B pancreatic cell,0,0.0
tracheobronchial smooth muscle cell,0,0.0
transit amplifying cell,0,0.0
transit amplifying cell of colon,0,0.0
transit amplifying cell of small intestine,0,0.0
transitional stage B cell,0,0.0
trophoblast giant cell,0,0.0
tuft cell,0,0.0
tuft cell of colon,0,0.0
tuft cell of small intestine,0,0.0
type A enteroendocrine cell,0,0.0
serotonergic neuron,0,0.0
seromucus secreting cell,0,0.0
sensory neuron of dorsal root ganglion,0,0.0
photoreceptor cell,0,0.0
pericyte,0,0.0
peridermal cell,0,0.0
perineurial cell,0,0.0
peripheral blood mononuclear cell,0,0.0
peripheral nervous system neuron,0,0.0
periportal region hepatocyte,0,0.0
peritubular capillary endothelial cell,0,0.0
peritubular myoid cell,0,0.0
perivascular cell,0,0.0
perivascular macrophage,0,0.0
pigmented ciliary epithelial cell,0,0.0
peg cell,0,0.0
pigmented epithelial cell,0,0.0
pinealocyte,0,0.0
placental villous trophoblast,0,0.0
pluripotent stem cell,0,0.0
podocyte,0,0.0
pre-B-I cell,0,0.0
preadipocyte,0,0.0
premigratory neural crest cell,0,0.0
primary cultured cell,0,0.0
primary sensory neuron (sensu Teleostei),0,0.0
kidney collecting duct cell,0,0.0
parietal epithelial cell,0,0.0
progenitor cell of endocrine pancreas,0,0.0
pancreatic PP cell,0,0.0
noradrenergic cell,0,0.0
odontoblast,0,0.0
oligodendrocyte,0,0.0
oligodendrocyte precursor cell,0,0.0
oocyte,0,0.0
oogonial cell,0,0.0
oral mucosa squamous cell,0,0.0
ovarian surface epithelial cell,0,0.0
pancreatic A cell,0,0.0
pancreatic D cell,0,0.0
pancreatic acinar cell,0,0.0
parietal cell,0,0.0
pancreatic ductal cell,0,0.0
pancreatic endocrine cell,0,0.0
pancreatic epsilon cell,0,0.0
pancreatic stellate cell,0,0.0
paneth cell,0,0.0
paneth cell of colon,0,0.0
paneth cell of epithelium of small intestine,0,0.0
papillary tips cell,0,0.0
parasol ganglion cell of retina,0,0.0
paraxial cell,0,0.0
pro-T cell,0,0.0
progenitor cell of mammary luminal epithelium,0,0.0
sensory neuron,0,0.0
retinal pigment epithelial cell,0,0.0
respiratory tract suprabasal cell,0,0.0
reticular cell,0,0.0
reticulocyte,0,0.0
retina horizontal cell,0,0.0
retinal astrocyte,0,0.0
retinal bipolar neuron,0,0.0
retinal blood vessel endothelial cell,0,0.0
retinal cell,0,0.0
retinal cone cell,0,0.0
retinal ganglion cell,0,0.0
retinal progenitor cell,0,0.0
respiratory tract hillock cell,0,0.0
retinal rod cell,0,0.0
rod bipolar cell,0,0.0
salivary gland cell,0,0.0
salivary gland glandular cell,0,0.0
sebaceous gland cell,0,0.0
sebocyte,0,0.0
secondary crest myofibroblast,0,0.0
secondary lens fiber,0,0.0
secondary lymphoid organ macrophage,0,0.0
secretory cell,0,0.0
respiratory tract multiciliated cell,0,0.0
respiratory tract goblet cell,0,0.0
prostate gland microvascular endothelial cell,0,0.0
pvalb GABAergic cortical interneuron,0,0.0
prostate neuroendocrine cell,0,0.0
prostate stromal cell,0,0.0
pulmonary alveolar epithelial cell,0,0.0
pulmonary alveolar type 1 cell,0,0.0
pulmonary alveolar type 2 cell,0,0.0
pulmonary artery endothelial cell,0,0.0
pulmonary capillary endothelial cell,0,0.0
pulmonary interstitial fibroblast,0,0.0
pulmonary ionocyte,0,0.0
pulmonary neuroendocrine cell,0,0.0
pyramidal neuron,0,0.0
respiratory tract epithelial cell,0,0.0
radial glial cell,0,0.0
regular atrial cardiac myocyte,0,0.0
regular ventricular cardiac myocyte,0,0.0
renal alpha-intercalated cell,0,0.0
renal beta-intercalated cell,0,0.0
renal intercalated cell,0,0.0
renal interstitial pericyte,0,0.0
renal medullary fibroblast,0,0.0
renal principal cell,0,0.0
respiratory basal cell,0,0.0
kidney collecting duct intercalated cell,0,0.0
immature pericyte,0,0.0
kidney collecting duct alpha-intercalated cell,0,0.0
brainstem motor neuron,0,0.0
basal epithelial cell of prostatic duct,0,0.0
basal epithelial cell of tracheobronchial tree,0,0.0
basal-myoepithelial cell of mammary gland,0,0.0
bipolar neuron,0,0.0
bladder urothelial cell,0,0.0
blood cell,0,0.0
blood vessel endothelial cell,0,0.0
blood vessel smooth muscle cell,0,0.0
bone marrow cell,0,0.0
brain vascular cell,0,0.0
bronchial epithelial cell,0,0.0
basal cell of prostate epithelium,0,0.0
bronchial goblet cell,0,0.0
bronchial smooth muscle cell,0,0.0
bronchiolar smooth muscle cell,0,0.0
bronchus fibroblast of lung,0,0.0
brush cell of trachea,0,0.0
brush cell of tracheobronchial tree,0,0.0
capillary endothelial cell,0,0.0
cardiac blood vessel endothelial cell,0,0.0
cardiac endothelial cell,0,0.0
cardiac mesenchymal cell,0,0.0
basal cell of urothelium,0,0.0
basal cell of epithelium of trachea,0,0.0
cardiac muscle myoblast,0,0.0
alveolar type 1 fibroblast cell,0,0.0
adult skeletal muscle myoblast,0,0.0
adventitial cell,0,0.0
adventitial fibroblast,0,0.0
afferent neuron,0,0.0
airway submucosal gland collecting duct epithelial cell,0,0.0
airway submucosal gland duct basal cell,0,0.0
alternatively activated macrophage,0,0.0
alveolar adventitial fibroblast,0,0.0
alveolar capillary type 1 endothelial cell,0,0.0
alveolar capillary type 2 endothelial cell,0,0.0
amacrine cell,0,0.0
basal cell of epithelium of lobular bronchiole,0,0.0
angiogenic pericyte,0,0.0
anterior lens cell,0,0.0
antibody secreting cell,0,0.0
arachnoid barrier cell,0,0.0
articular chondrocyte,0,0.0
astrocyte,0,0.0
astrocyte of the cerebral cortex,0,0.0
basal cell,0,0.0
basal cell of epidermis,0,0.0
basal cell of epithelium of bronchus,0,0.0
cardiac muscle cell,0,0.0
cardiac neuron,0,0.0
adipocyte of epicardial fat of left ventricle,0,0.0
columnar/cuboidal epithelial cell,0,0.0
ciliated cell,0,0.0
ciliated epithelial cell,0,0.0
club cell,0,0.0
club-like cell of the urethral epithelium,0,0.0
collagen secreting cell,0,0.0
colon endothelial cell,0,0.0
colon epithelial cell,0,0.0
colon goblet cell,0,0.0
colon macrophage,0,0.0
colonocyte,0,0.0
committed oligodendrocyte precursor,0,0.0
chromaffin cell,0,0.0
cone retinal bipolar cell,0,0.0
conjunctiva goblet cell,0,0.0
conjunctival epithelial cell,0,0.0
connective tissue cell,0,0.0
contractile cell,0,0.0
corneal endothelial cell,0,0.0
corneal epithelial cell,0,0.0
cortical cell of adrenal gland,0,0.0
cortical interneuron,0,0.0
cortical thymic epithelial cell,0,0.0
ciliary muscle cell,0,0.0
choroid plexus macrophage,0,0.0
cardiac ventricle fibroblast,0,0.0
cerebellar granule cell precursor,0,0.0
caudal ganglionic eminence derived cortical interneuron,0,0.0
cell,0,0.0
cell in vitro,0,0.0
cell of skeletal muscle,0,0.0
central nervous system macrophage,0,0.0
central nervous system neuron,0,0.0
centrilobular region hepatocyte,0,0.0
centroblast,0,0.0
centrocyte,0,0.0
cerebellar granule cell,0,0.0
cerebellar neuron,0,0.0
choroid plexus epithelial cell,0,0.0
cerebellum glutamatergic neuron,0,0.0
cerebral cortex GABAergic interneuron,0,0.0
cerebral cortex endothelial cell,0,0.0
cerebral cortex neuron,0,0.0
cerebral cortex pyramidal neuron,0,0.0
chandelier cell,0,0.0
chandelier pvalb GABAergic cortical interneuron,0,0.0
cholangiocyte,0,0.0
chondroblast,0,0.0
chorionic trophoblast cell,0,0.0
adipocyte of omentum tissue,0,0.0
adipocyte of breast,0,0.0
kidney cell,0,0.0
"ILC1, human",0,0.0
"CD8-positive, alpha-beta regulatory T cell",0,0.0
CD8aa(I) thymocyte,0,0.0
Cajal-Retzius cell,0,0.0
GABAergic amacrine cell,0,0.0
GABAergic interneuron,0,0.0
GABAergic neuron,0,0.0
GIP cell,0,0.0
H1 horizontal cell,0,0.0
H2 horizontal cell,0,0.0
Hofbauer cell,0,0.0
IgA plasma cell,0,0.0
"CD8-positive, CD28-negative, alpha-beta regulatory T cell",0,0.0
IgA plasmablast,0,0.0
IgG memory B cell,0,0.0
IgG plasma cell,0,0.0
IgG plasmablast,0,0.0
IgG-negative class switched memory B cell,0,0.0
IgM plasma cell,0,0.0
Kupffer cell,0,0.0
L2/3 intratelencephalic projecting glutamatergic neuron,0,0.0
L2/3-6 intratelencephalic projecting glutamatergic neuron,0,0.0
L3 intratelencephalic projecting glutamatergic neuron,0,0.0
"CD8-positive, alpha-beta cytotoxic T cell",0,0.0
"CD8-alpha-beta-positive, alpha-beta intraepithelial T cell",0,0.0
L4/5 intratelencephalic projecting glutamatergic neuron,0,0.0
"CD14-positive, CD16-negative classical monocyte",0,0.0
B-1 B cell,0,0.0
B-1a B cell,0,0.0
B-1b B cell,0,0.0
B-2 B cell,0,0.0
BEST4+ colonocyte,0,0.0
BEST4+ enterocyte,0,0.0
Be cell,0,0.0
Bergmann glial cell,0,0.0
"CD14-low, CD16-positive monocyte",0,0.0
"CD14-positive, CD16-low monocyte",0,0.0
CD141-positive myeloid dendritic cell,0,0.0
"CD8-alpha-alpha-positive, alpha-beta intraepithelial T cell",0,0.0
CD1c-positive myeloid dendritic cell,0,0.0
"CD22-positive, CD38-low small pre-B cell",0,0.0
"CD34-negative, CD117-positive innate lymphoid cell, human",0,0.0
"CD34-positive, CD38-negative hematopoietic stem cell",0,0.0
"CD34-positive, CD56-positive, CD117-positive common innate lymphoid precursor, human",0,0.0
CD38-negative naive B cell,0,0.0
"CD4-negative, CD8-negative, alpha-beta intraepithelial T cell",0,0.0
"CD4-positive, CD25-positive, CCR4-positive, alpha-beta regulatory T cell",0,0.0
"CD56-positive, CD161-positive immature natural killer cell, human",0,0.0
"CD8-alpha alpha positive, gamma-delta intraepithelial T cell",0,0.0
L4 intratelencephalic projecting glutamatergic neuron,0,0.0
L5 extratelencephalic projecting glutamatergic cortical neuron,0,0.0
activated type II NK T cell,0,0.0
T-helper 22 cell,0,0.0
P/D1 enteroendocrine cell,0,0.0
PP cell,0,0.0
Purkinje cell,0,0.0
S cone cell,0,0.0
Schwann cell precursor,0,0.0
Sertoli cell,0,0.0
T follicular regulatory cell,0,0.0
T-helper 1 cell,0,0.0
T-helper 17 cell,0,0.0
T-helper 2 cell,0,0.0
TAC3-positive striatal interneuron,0,0.0
ON-bipolar cell,0,0.0
TREM2-positive macrophage,0,0.0
Tc1 cell,0,0.0
VIP GABAergic cortical interneuron,0,0.0
abnormal cell,0,0.0
acinar cell,0,0.0
acinar cell of salivary gland,0,0.0
"activated CD4-positive, alpha-beta T cell",0,0.0
"activated CD4-positive, alpha-beta T cell, human",0,0.0
"activated CD8-positive, alpha-beta T cell",0,0.0
"activated CD8-positive, alpha-beta T cell, human",0,0.0
ON-blue cone bipolar cell,0,0.0
ON retinal ganglion cell,0,0.0
L5 intratelencephalic projecting glutamatergic neuron,0,0.0
MHC-II-positive classical monocyte,0,0.0
L5/6 near-projecting glutamatergic neuron,0,0.0
L5/6 near-projecting glutamatergic neuron of the primary motor cortex,0,0.0
L6 corticothalamic-projecting glutamatergic cortical neuron,0,0.0
L6 intratelencephalic projecting glutamatergic neuron,0,0.0
L6 intratelencephalic projecting glutamatergic neuron of the primary motor cortex,0,0.0
L6b glutamatergic cortical neuron,0,0.0
L6b glutamatergic neuron of the primary motor cortex,0,0.0
Langerhans cell,0,0.0
Leydig cell,0,0.0
M cell of gut,0,0.0
Merkel cell,0,0.0
ON parasol ganglion cell,0,0.0
Mueller cell,0,0.0
"NKp44-negative group 3 innate lymphoid cell, human",0,0.0
"NKp44-positive group 3 innate lymphoid cell, human",0,0.0
"NKp46-positive innate lymphoid cell, human",0,0.0
OFF midget ganglion cell,0,0.0
OFF parasol ganglion cell,0,0.0
OFF retinal ganglion cell,0,0.0
OFF-bipolar cell,0,0.0
OFFx cell,0,0.0
ON midget ganglion cell,0,0.0
corticomedullary thymic epithelial cell,0,0.0
corticothalamic-projecting glutamatergic cortical neuron,0,0.0
cycling T cell,0,0.0
glutamatergic neuron,0,0.0
germinal center T cell,0,0.0
giant bipolar cell,0,0.0
glandular cell of esophagus,0,0.0
glandular secretory epithelial cell,0,0.0
glial cell,0,0.0
glioblast,0,0.0
glioblast (sensu Vertebrata),0,0.0
glomerular capillary endothelial cell,0,0.0
glomerular endothelial cell,0,0.0
glomerular mesangial cell,0,0.0
glycinergic amacrine cell,0,0.0
gastrointestinal tract (lamina propria) macrophage of large intestine,0,0.0
glycinergic neuron,0,0.0
goblet cell,0,0.0
granular cell of epidermis,0,0.0
granule cell,0,0.0
granulosa cell,0,0.0
granzyme K-associated CD8 T cell,0,0.0
group 2 innate lymphoid cell,0,0.0
"group 2 innate lymphoid cell, human",0,0.0
"group 3 innate lymphoid cell, human",0,0.0
gut absorptive cell,0,0.0
germ cell,0,0.0
gastrointestinal tract (lamina propria) macrophage,0,0.0
hair follicular keratinocyte,0,0.0
fibroblast of gingiva,0,0.0
fetal cardiomyocyte,0,0.0
fetal pre-type II pulmonary alveolar epithelial cell,0,0.0
fibro/adipogenic progenitor cell,0,0.0
fibroblast of breast,0,0.0
fibroblast of cardiac tissue,0,0.0
fibroblast of choroid plexus,0,0.0
fibroblast of connective tissue of glandular part of prostate,0,0.0
fibroblast of connective tissue of nonglandular part of prostate,0,0.0
fibroblast of connective tissue of prostate,0,0.0
fibroblast of dermis,0,0.0
fibroblast of lung,0,0.0
ganglion interneuron,0,0.0
fibroblast of mammary gland,0,0.0
fibroblast of the aortic adventitia,0,0.0
fibroblastic reticular cell,0,0.0
fibrocyte,0,0.0
flat midget bipolar cell,0,0.0
follicular B cell,0,0.0
follicular dendritic cell,0,0.0
forebrain neuroblast,0,0.0
forebrain radial glial cell,0,0.0
foveolar cell of stomach,0,0.0
gut endothelial cell,0,0.0
helper T cell,0,0.0
cycling basal cell,0,0.0
intestinal tuft cell,0,0.0
interneuron,0,0.0
interstitial cell,0,0.0
interstitial cell of Cajal,0,0.0
interstitial cell of ovary,0,0.0
intestinal crypt stem cell,0,0.0
intestinal crypt stem cell of colon,0,0.0
intestinal crypt stem cell of large intestine,0,0.0
intestinal crypt stem cell of small intestine,0,0.0
intestinal enteroendocrine cell,0,0.0
intestinal epithelial cell,0,0.0
intestine goblet cell,0,0.0
intermediate cell of urothelium,0,0.0
intraepithelial lymphocyte,0,0.0
intrahepatic cholangiocyte,0,0.0
intratelencephalic-projecting glutamatergic cortical neuron,0,0.0
invaginating midget bipolar cell,0,0.0
ionocyte,0,0.0
keratinizing barrier epithelial cell,0,0.0
keratinocyte,0,0.0
keratocyte,0,0.0
kidney arterial blood vessel cell,0,0.0
kidney capillary endothelial cell,0,0.0
intermediate mesodermal cell,0,0.0
intercalated cell of salivary gland,0,0.0
hepatic pit cell,0,0.0
immature NK T cell,0,0.0
hepatic stellate cell,0,0.0
hepatoblast,0,0.0
hepatocyte,0,0.0
hippocampal astrocyte,0,0.0
hippocampal granule cell,0,0.0
hippocampal interneuron,0,0.0
hippocampal pyramidal neuron,0,0.0
hypertrophic chondrocyte,0,0.0
hypothalamus cell,0,0.0
ileal goblet cell,0,0.0
immature Schwann cell,0,0.0
innate lymphoid cell,0,0.0
immature T cell,0,0.0
immature astrocyte,0,0.0
immature microglial cell,0,0.0
immature neutrophil,0,0.0
"Axl+ dendritic cell, human",0,0.0
indirect pathway medium spiny neuron,0,0.0
inflammatory cell,0,0.0
inflammatory macrophage,0,0.0
inhibitory interneuron,0,0.0
inhibitory motor neuron,0,0.0
fenestrated endothelial cell,0,0.0
fast muscle cell,0,0.0
fallopian tube secretory epithelial cell,0,0.0
endocardial cell,0,0.0
early T lineage precursor,0,0.0
early colonocyte,0,0.0
early pro-B cell,0,0.0
"effector CD4-positive, alpha-beta T cell",0,0.0
"effector CD8-positive, alpha-beta T cell",0,0.0
effector T cell,0,0.0
elicited macrophage,0,0.0
embryonic blood vessel endothelial progenitor cell,0,0.0
embryonic fibroblast,0,0.0
embryonic stem cell,0,0.0
endocrine cell,0,0.0
"double-positive, alpha-beta thymocyte",0,0.0
endodermal cell,0,0.0
endothelial cell of arteriole,0,0.0
endothelial cell of artery,0,0.0
endothelial cell of coronary artery,0,0.0
endothelial cell of hepatic sinusoid,0,0.0
endothelial cell of lymphatic vessel,0,0.0
endothelial cell of pericentral hepatic sinusoid,0,0.0
endothelial cell of periportal hepatic sinusoid,0,0.0
endothelial cell of placenta,0,0.0
endothelial cell of respiratory system lymphatic vessel,0,0.0
duct epithelial cell,0,0.0
double negative thymocyte,0,0.0
eye photoreceptor cell,0,0.0
deuterosomal cell,0,0.0
cycling macrophage,0,0.0
cycling myeloid cell,0,0.0
cycling plasma cell,0,0.0
cycling pulmonary alveolar type 2 cell,0,0.0
cycling stromal cell,0,0.0
cytotoxic T cell,0,0.0
decidual cell,0,0.0
"decidual natural killer cell, human",0,0.0
"dendritic cell, human",0,0.0
dermis microvascular lymphatic vessel endothelial cell,0,0.0
diffuse bipolar 1 cell,0,0.0
double negative T regulatory cell,0,0.0
diffuse bipolar 2 cell,0,0.0
diffuse bipolar 3a cell,0,0.0
diffuse bipolar 3b cell,0,0.0
diffuse bipolar 4 cell,0,0.0
diffuse bipolar 4a cell,0,0.0
diffuse bipolar 4b cell,0,0.0
diffuse bipolar 5 cell,0,0.0
diffuse bipolar 6 cell,0,0.0
direct pathway medium spiny neuron,0,0.0
dopaminergic neuron,0,0.0
endothelial cell of uterus,0,0.0
endothelial cell of vascular tree,0,0.0
endothelial cell of venule,0,0.0
epithelial cell of stratum germinativum of esophagus,0,0.0
epithelial cell of lower respiratory tract,0,0.0
epithelial cell of lung,0,0.0
epithelial cell of nephron,0,0.0
epithelial cell of pancreas,0,0.0
epithelial cell of prostate,0,0.0
epithelial cell of proximal tubule,0,0.0
epithelial cell of proximal tubule segment 1,0,0.0
epithelial cell of proximal tubule segment 3,0,0.0
epithelial cell of small intestine,0,0.0
epithelial cell of stomach,0,0.0
epithelial cell of sweat gland,0,0.0
endothelial stalk cell,0,0.0
epithelial cell of thymus,0,0.0
epithelial cell of urethra,0,0.0
epithelial cell of uterus,0,0.0
epithelial fate stem cell,0,0.0
"erythroid progenitor cell, mammalian",0,0.0
eurydendroid cell,0,0.0
exhausted T cell,0,0.0
extracellular matrix secreting cell,0,0.0
extratelencephalic-projecting glutamatergic cortical neuron,0,0.0
extravillous trophoblast,0,0.0
epithelial cell of glomerular capsule,0,0.0
epithelial cell of exocrine pancreas,0,0.0
epithelial cell of esophagus,0,0.0
epithelial cell of early distal convoluted tubule,0,0.0
enteric neuron,0,0.0
enteric smooth muscle cell,0,0.0
enterochromaffin-like cell,0,0.0
enterocyte,0,0.0
enterocyte of epithelium of large intestine,0,0.0
enterocyte of epithelium of small intestine,0,0.0
enterocyte of epithelium proper of duodenum,0,0.0
enterocyte of epithelium proper of ileum,0,0.0
enterocyte of epithelium proper of jejunum,0,0.0
enterocyte of epithelium proper of small intestine,0,0.0
enteroendocrine cell,0,0.0
enteroendocrine cell of colon,0,0.0
enteroendocrine cell of small intestine,0,0.0
enteroglial cell,0,0.0
enucleate erythrocyte,0,0.0
enucleated reticulocyte,0,0.0
ependymal cell,0,0.0
epicardial adipocyte,0,0.0
epidermal Langerhans cell,0,0.0
epidermal cell,0,0.0
epithelial cell of distal tubule,0,0.0
visceromotor neuron,0,0.0
